<?xml version="1.0" encoding="UTF-8"?>
<ram-component manifest-version="2.0"
               name="WebModelPublisher" version="0" release="0" clevel="0">
    <description>
        <![CDATA[]]>
    </description>
    <dependencies>
    </dependencies>
    <contributors>
    </contributors>
    <metamodels>
      <metamodel name="Standard" version="1.1.00"/>
    </metamodels>
    <roots>
      <root metaclass="ModuleComponent" name="WebModelPublisher" uuid="01ec1d90-0000-13af-0000-000000000000"></root>
    </roots>
</ram-component>